{
    "name": "IShop",
    "application": null,
    "libs": {},
    "view": {
        "screen.login": "/www/source/views/screen.login",
        "screen.home": "/www/source/views/screen.home",
        "screen.confirmLogout": "\\www\\source\\views\\screen.confirmLogout",
        "screen.affirmationPopup": "\\www\\source\\views\\screen.affirmationPopup"
    },
    "model": {
        "model.productDetails": "/www/source/models/model.productDetails",
        "model.home": "\\www\\source\\models\\model.home",
        "model.login": "\\www\\source\\models\\model.login",
        "model.confirmLogout": "\\www\\source\\models\\model.confirmLogout",
        "model.affirmationPopup": "\\www\\source\\models\\model.affirmationPopup"
    },
    "service": {
        "service.dataSource": "/www/source/service/service.dataSource"
    },
    "screen": {},
    "external": {},
    "links": {},
    "collection": {
        "collection.listOfProducts": "/www/source/models/collection.listOfProducts",
        "collection.shoppingCart": "/www/source/models/collection.shoppingCart",
        "collection.shoppingHistory": "/www/source/models/collection.shoppingHistory"
    },
    "scrollable": {
        "screen.shoppingCart": "/www/source/views/screen.shoppingCart",
        "screen.listOfProducts": "/www/source/views/screen.listOfProducts",
        "screen.productDetails": "/www/source/views/screen.productDetails",
        "screen.shoppingHistory": "/www/source/views/screen.shoppingHistory"
    }
}